{"cameraMode":{"drawMode":0,"name":"Shaded","section":"Shading Mode"},"sceneLighting":true,"audioPlay":false,"sceneViewState":{"m_AlwaysRefresh":false,"showFog":true,"showSkybox":true,"showFlares":true,"showImageEffects":true,"showParticleSystems":true,"showVisualEffectGraphs":true,"m_FxEnabled":true},"in2DMode":false,"pivot":{"x":1.4354379177093506,"y":-0.3714425563812256,"z":-2.4680705070495607},"rotation":{"x":0.4834550619125366,"y":0.02887716144323349,"z":-0.015959814190864564,"w":0.8747477531433106},"size":7.137460231781006,"orthographic":false}